{
  "timestamp": "2025-09-02T17:17:00.312091+00:00",
  "n_train": 698,
  "n_test": 175,
  "accuracy": 0.7828571428571428,
  "precision": 0.7638888888888888,
  "recall": 0.9649122807017544,
  "f1": 0.8527131782945736,
  "roc_auc": 0.896462467644521,
  "confusion_matrix": [
    [
      27,
      34
    ],
    [
      4,
      110
    ]
  ],
  "model_version": "baseline-0.1"
}